n,R2,adj_R2,AIC,BIC,RMSE
44,0.0005873128097504399,-0.023208227361445788,194.94329552629677,198.51167479413328,2.1188460897878736
