variable,morans_I,z_sim,p_sim,n
ols_residual_pm25,0.24245863052029043,2.321096269009623,0.015,44
