{
  "variable": "Asthma_prev",
  "n": 2169,
  "weights": {
    "type": "queen_contiguity",
    "transform": "row_standardized",
    "n_islands": 1,
    "islands": [
      827
    ],
    "permutations": 999
  },
  "global_morans_I": {
    "I": 0.6033879596698494,
    "expected_I": -0.00046125461254612545,
    "z_score_permutation": 49.38903382226409,
    "p_value_permutation": 0.001,
    "z_score_normal": 47.486267735695236,
    "p_value_normal": 0.0,
    "variance_sim": 0.00014952050987615436,
    "variance_norm": 0.0001617040649649808
  }
}